RT @deltanmd: ATEN√á√ÉO: O governo Lula poder√° rever os acordos de leni√™ncia da Lava Jato e bilh√µes de reais recuperados aos cofres p√∫blicos‚Ä¶,0.31,0.19
"RT @joaodamoedo: Bolsonaro suspende os recursos do Or√ßamento Secreto ap√≥s Lula declarar apoio a Lira.  

Ele confirma o que j√° sab√≠amos: es‚Ä¶",0.31,0.19
"RT @Richard89Cubano: Bien por Lula da Silva, exigi√≥ que el periodista australiano¬†Julian Assange¬†sea liberado de su ‚Äúinjusto encarcelamient‚Ä¶",0.31,0.19
"RT @andrefernm: Voc√™ se lembra daquele cantor que chamou Jesus Cristo de travesti? Pois √©, ele foi confirmado como uma das atra√ß√µes na poss‚Ä¶",0.31,0.19
RT @LenitcLeni: Lula n√£o foi eleito pelo povo https://t.co/44fWiTp4l5,0.31,0.19
"RT @reportersalles: Retrato da destrui√ß√£o cultural: Janja anuncia ""artistas"" que se apresentar√£o na posse de Lula. Entre as ""celebridades""‚Ä¶",0.31,0.19
RT @conexaopolitica: Lula se re√∫ne com Gilmar Mendes e Bruno Dantas em Bras√≠lia https://t.co/tLvO7XMqhS,0.31,0.19
"RT @joaodamoedo: Bolsonaro suspende os recursos do Or√ßamento Secreto ap√≥s Lula declarar apoio a Lira.  

Ele confirma o que j√° sab√≠amos: es‚Ä¶",0.31,0.19
RT @TerraBrasilnot: Lula falsifica n√∫meros ao dizer que vai herdar um pa√≠s¬†falido https://t.co/UGD00qI0Q3,0.31,0.19
"@mesmota @BolsonaroSP @UOLNoticias Pen drive no kool, deixa de ser burro! Lula foi perseguido por um mal car√°ter chamado S√©rgio Moro! Mas daqui a uns 4 anos Bolsonaro nem vai mais ser falado! Vai ser jogado na lata do lixo da hist√≥ria, O que tinha no intercept s√£o provas da persegui√ß√£o",0.31,0.19
RT @PeKelmon: Pablo Vittar far√° o show de posse do Lula. A esculhamba√ß√£o vai come√ßar no nascedouro. https://t.co/SviNHQkizV,0.31,0.19
"RT @Pri_Br22: Agora em Bras√≠lia.
√çndios se pintam para a guerra.
Estou come√ßando a achar que os √≠ndios v√£o salvar o Brasil, eles n√£o aceita‚Ä¶",0.31,0.19
"RT @joaodamoedo: Bolsonaro suspende os recursos do Or√ßamento Secreto ap√≥s Lula declarar apoio a Lira.  

Ele confirma o que j√° sab√≠amos: es‚Ä¶",0.31,0.19
"RT @renatajbarreto: J√° temos os nomes de todos os artistas que v√£o cantar na posse do Lula, mas n√£o temos os nomes dos ministros. 

Priorid‚Ä¶",0.31,0.19
Brasil vai ganhar a copa pois Lula foi eleito ‚ú®,0.31,0.19
"RT @QueroSerCacto: Jovem pan questionando se Lula tem um s√≥sia. Onde est√° Lula? 
#lulamorreu 
#ondeest√°lula
#lulanaosobearampa 
#LulaLadrao‚Ä¶",0.31,0.19
RT @dalai_money: @lazarorosa25 Rond√¥nia est√° tomada por terroristas bolsonaristas. Os caras est√£o desesperados de medo do lula fazer cumpri‚Ä¶,0.31,0.19
RT @TerraBrasilnot: Lula falsifica n√∫meros ao dizer que vai herdar um pa√≠s¬†falido https://t.co/UGD00qI0Q3,0.31,0.19
RT @Mebam8: CAD√ä O LULA? https://t.co/uBboHJggBH,0.31,0.19
RT @PauIoGuedes: - O problema de Lula √© que ele parou no tempo. Est√° preso na √©poca em que o brasileiro mal recebia o peixe e era escraviza‚Ä¶,0.31,0.19
"RT @LarissaDeLuca_: 25 bilh√µes retornaram aos cofres p√∫blicos, mas Lula √© inocente e a lava-jato foi um del√≠rio coletivo",0.31,0.19
RT @TerraBrasilnot: A derrota de Lula antes de assumir est√° vindo ‚Äúa¬†cavalo‚Äù https://t.co/kLxMdLE5Je,0.31,0.19
"RT @floresdepapel6: 11.30.22 Brazil .. for the thirty-first consecutive day, the Brazilian people are on the streets asking the Armed Force‚Ä¶",0.31,0.19
"RT @PatriotismoNato: LUIZ IN√ÅCIO LULA DA SILVA NUNCA MAIS SER√Å PRESIDENTE DO BRASIL.
QUERO OUVIR UM AM√âM BEM FORTE!",0.31,0.19
"RT @UOLNoticias: Em fala golpista, Zambelli pede que generais n√£o reconhe√ßam governo Lula https://t.co/3GHjVrky1T",0.31,0.19
"RT @tesoureiros: Terra arrasada. N√£o tem dinheiro, n√£o tem rem√©dio, n√£o tem vacina, n√£o sabemos de nada. O governo Lula come√ßa sem nenhuma‚Ä¶",0.31,0.19
@fabiofaria @jairbolsonaro Esse √© o efeito da vit√≥ria do lula! Isso e fant√°stico.,0.31,0.19
@NikoIasFerreira @LulaOficial Com certeza. At√© pq o Lula √© bem melhor KKKKK,0.31,0.19
RT @Paulogeneroso: Vejam s√≥ a moral que este Cacique d√° no STF e no Lula. https://t.co/YhfRXLCynO,0.31,0.19
"RT @JovemPanNews: #Pr√≥seContras | Lula (PT) pede e Moraes antecipa diploma√ß√£o

Professor de Direito Constitucional Fabio Tavares: ""A partir‚Ä¶",0.31,0.19
"@PedruAlves12 @atipicodan @LulaOficial @jairbolsonaro Claro, irresponsabilidade fiscal √© coisa de comunista, aqui n√£o passar√£o üòú ah que fofinho, vc era nascido quando o Lula desviou 200b da sa√∫de pro bolso dele e dos cumpanheiros? Quando foi preso na lava jato? Quando devolveu 25 b pros cofres publicos?",0.31,0.19
RT @JoaquinTeixeira: üö® FONTE SEGURA ME GARANTIU QUE LULA TROCOU DE OPERADORA: ELE N√ÉO √â MAIS UM CLIENTE VIVO. EM BREVE MAIS DETALHES.,0.31,0.19
"RT @tesoureiros: Terra arrasada. N√£o tem dinheiro, n√£o tem rem√©dio, n√£o tem vacina, n√£o sabemos de nada. O governo Lula come√ßa sem nenhuma‚Ä¶",0.31,0.19
RT @PAssistence: @geraldoalckmin Cad√™ o Lula verdadeiro ? Pprque elw sumiu ? Porque esse tem 5 dedos https://t.co/aj22d3eib1,0.31,0.19
"@andrecarvalhoTT da forma que Ciro articulou, era contrato Lula sim; J√° Lula negociando diretamente √© pragmatismo, correto lula.",0.31,0.19
"RT @RosemaryGomesS2: Dia hist√≥rico,  menina negra da periferia da zona leste de SP , cresceu,  estudou gra√ßas √†s pol√≠ticas p√∫blicas do gove‚Ä¶",0.31,0.19
"RT @CECLynch: A viol√™ncia golpista do bolsonarismo derrotado, voltando-se contra Lira e o Centr√£o, podem resultar no estreitamento de uma a‚Ä¶",0.31,0.19
@revistaforum Lula fazendo a limpa antes mesmo de tomar posse.,0.31,0.19
"#HeadlineNews | Lula (PT) se encontrou com lideran√ßas do Congresso; presidente eleito teve reuni√µes separadas com Arthur Lira (Progressistas) e Rodrigo Pacheco (PSD)

üì∫ Confira na JP News https://t.co/KD2HtmSaZB",0.31,0.19
RT @TerraBrasilnot: Lula falsifica n√∫meros ao dizer que vai herdar um pa√≠s¬†falido https://t.co/UGD00qI0Q3,0.31,0.19
"@vaiwandinha 
lula 13?",0.31,0.19
"RT @saritacoelho: Sim, Lula mentiu sobre o tal ""sigilo de 100 anos"" de Bolsonaro. Agora, passadas as elei√ß√µes, vem jornalista confirmar aqu‚Ä¶",0.31,0.19
"@MariaGa88390797 @sebaalvareza No ser√≠a raro con Biden al frente del otrora respetable EEUU. Si apoya a Lula, por ser zurdo, no querr√° que la derecha gobierne PY. Demasiados intereses en nuestros recursos naturales tiene.",0.31,0.19
RT @TerraBrasilnot: A derrota de Lula antes de assumir est√° vindo ‚Äúa¬†cavalo‚Äù https://t.co/kLxMdLE5Je,0.31,0.19
"RT @GugaNoblat: Agora que Arthur Lira √© Lula, o governo Bolsonaro quer acabar com o or√ßamento secreto que dizia estar fora de seu controle.‚Ä¶",0.31,0.19
RT @UOLNoticias: Pabllo Vittar diz que show na posse de Lula √© 'sonho que virou realidade' https://t.co/NI8u5W9p3M,0.31,0.19
RT @PauIoGuedes: - O problema de Lula √© que ele parou no tempo. Est√° preso na √©poca em que o brasileiro mal recebia o peixe e era escraviza‚Ä¶,0.31,0.19
"@verdouglasgomes @taoquei1 Hip√≥crita!
Ela est√° pedindo exatamente o que negaram para o Lula? Se divulgarem 100% das mensagens vazadas da Lava Jato, ver√£o como Lula foi julgado e condenado criminosamente por um juiz completamente parcial. Vcs podem at√© negar os textos, mas como v√£o negar as pr√≥prias vozes?",0.31,0.19
"RT @joaodamoedo: Bolsonaro suspende os recursos do Or√ßamento Secreto ap√≥s Lula declarar apoio a Lira.  

Ele confirma o que j√° sab√≠amos: es‚Ä¶",0.31,0.19
"RT @andrefernm: Voc√™ se lembra daquele cantor que chamou Jesus Cristo de travesti? Pois √©, ele foi confirmado como uma das atra√ß√µes na poss‚Ä¶",0.31,0.19
RT @carlosjordy: Veja o que a imprensa internacional fala sobre as elei√ß√µes e os protestos no Brasil. S√≥ a m√≠dia brasileira ignora os fatos‚Ä¶,0.31,0.19
"RT @agoranoticiasbr: Coronel Montenegro: ‚ÄòLula vem acompanhado de gente da pior estirpe‚Äô https://t.co/WE4PyW0dI3
https://t.co/WE4PyW0dI3",0.31,0.19
RT @KatieDaviscourt: The biggest question about the protests in Brazil is where are President-elect Lula‚Äôs supporters? Leftists are known f‚Ä¶,0.31,0.19
"RT @LulaOficial: O #FestivalDoFuturo j√° tem v√°rios artistas confirmados. A coordenadora de organiza√ß√£o da posse, @JanjaLula divulgou alguns‚Ä¶",0.31,0.19
"RT @Biakicis: General desmente O Globo, diz que n√£o 'conversa' com governo de transi√ß√£o e amplia rumores sobre 'afli√ß√£o' de Lula por diplom‚Ä¶",0.31,0.19
"RT @lucaspavanato: Renan Calheiros apresentar√° um projeto em ""defesa da democracia"".

Esse projeto, pasmem, prev√™ pris√£o para pessoas que s‚Ä¶",0.31,0.19
RT @Corvinao19: Cad√™ o Lula ?https://t.co/dDorjV7DlV https://t.co/oZ86HJVR0z,0.31,0.19
¬øNo ser√°n los mismos que dicen que Lula es un impostor disfrazado? https://t.co/43WuTe2nWg,0.31,0.19
RT @PeKelmon: Pablo Vittar far√° o show de posse do Lula. A esculhamba√ß√£o vai come√ßar no nascedouro. https://t.co/SviNHQkizV,0.31,0.19
RT @lilianaf523: QATAR- DOHA.  La hinchada de Brasil canta ‚ÄúLULA LADR√ìN‚Äù en el Estadio Lusail. https://t.co/AZmBgP0IZe,0.31,0.19
"RT @PriscilaBCosta_: URGENTE! Depois da p√©ssima repercuss√£o sobre documentos que defendiam legaliza√ß√£o das drogas, soltura de presos e desm‚Ä¶",0.31,0.19
"@Tiagolattari @andrei_antony @rodrigomarcial_ - Venezuela n√£o √© democracia
- PT √© organiza√ß√£o criminosa ligado ao narcotr√°fico e ao terrorismo internacional
- Lula √© bandido
- Regula√ß√£o da m√≠dia √© censura 
- Tomar dose doses de algo que n√£o imuniza n√£o √© normal
- M√°scaras n√£o funcionam",0.31,0.19
RT @TerraBrasilnot: A derrota de Lula antes de assumir est√° vindo ‚Äúa¬†cavalo‚Äù https://t.co/kLxMdLE5Je,0.31,0.19
RT @PanAmPost_es: La lista de investigados por la Justicia que conforman el equipo de transici√≥n de Lula ‚Äìque en un principio se habl√≥ de u‚Ä¶,0.31,0.19
@ptbrasil T√° errado esse a√≠ ladr√£o √© o @LulaOficial  esse fudeu com a na√ß√£o a amou com a Petrobras lula maior ladr√£o das gal√°xias mente que o toba nem sente.,0.31,0.19
RT @siteptbr: üö®AGORA: Pabllo Vittar ir√° cantar na posse de Lula. https://t.co/o4FfMPI5kN,0.31,0.19
"@TiaWeintraub @sandrabrasilia O que vcs duas est√£o conseguindo de vez √© manchar a imagem dos irm√£os weintraubs. N√£o concordo com muitas coisas que o presidente e falsos direitistas fizeram. Mas n√£o √© o momento de torcer contra o Brasil. 
Vcs est√£o com certeza torcendo pelo Lula e isso  √© de mais. 
Pat√©tico!!",0.31,0.19
RT @TerraBrasilnot: Lula falsifica n√∫meros ao dizer que vai herdar um pa√≠s¬†falido https://t.co/UGD00qI0Q3,0.31,0.19
"RT @folha: Bolsonarista, Luiza Tom√© fecha conta em banco que apoia Lula https://t.co/bdJjUEW11x",0.31,0.19
"RT @ggreenwald: I'm thrilled to have sat down today with WikiLeaks' editor-in-chief @khrafnsson, as he travels through South America. He ha‚Ä¶",0.31,0.19
"Se o Lula tomar posse, daqui um ano vamos ler cartas abertas de pseudo-liberais dizendo que n√£o imaginavam que o Lula queria transformar o Brasil em uma ditadura chinesa",0.31,0.19
"RT @jc_pe: Bolsonaro manda suspender pagamento do Or√ßamento secreto ap√≥s apoio de Lula a Arthur Lira
https://t.co/efMSEJ3Pcg",0.31,0.19
RT @Estadao: Bolsonaro manda suspender dinheiro do or√ßamento secreto ap√≥s Lula fechar apoio a Lira (via @EstadaoPolitica) https://t.co/dhXR‚Ä¶,0.31,0.19
RT @AndradeFeel: O povo elege um monte de deputado do centr√£o e agora quer chorar porque Lula est√° fazendo acordos com eles para poder gove‚Ä¶,0.31,0.19
RT @Paulogeneroso: Vejam s√≥ a moral que este Cacique d√° no STF e no Lula. https://t.co/YhfRXLCynO,0.31,0.19
"RT @FernandoHoliday: Lula defende a liberdade, eles disseram‚Ä¶ https://t.co/cX5d9Gm1vV",0.31,0.19
RT @deltanmd: ATEN√á√ÉO: O governo Lula poder√° rever os acordos de leni√™ncia da Lava Jato e bilh√µes de reais recuperados aos cofres p√∫blicos‚Ä¶,0.31,0.19
"RT @Biakicis: General desmente O Globo, diz que n√£o 'conversa' com governo de transi√ß√£o e amplia rumores sobre 'afli√ß√£o' de Lula por diplom‚Ä¶",0.31,0.19
RT @TerraBrasilnot: Lula falsifica n√∫meros ao dizer que vai herdar um pa√≠s¬†falido https://t.co/UGD00qI0Q3,0.31,0.19
Lula deve ir aos EUA encontrar Biden antes da posse https://t.co/dc5kKgvo2h,0.31,0.19
@folha Lula disparou nas not√≠cias pelo mundo a fora de que ele foi um ladr√£o descondenado pelo STF... S√≥ se foi essa not√≠cia n√©???? Pq ele n√£o sobe a rampa kkkkkkkk,0.31,0.19
"@Vanessa_CLV @Max_1968 @GugaNoblat sim, o lula nem assumiu e j√° tem acesso ao BOLSOL√ÉO pra comprar a base que o Bolsonaro j√° comprou üòÖ",0.31,0.19
"RT @renatajbarreto: J√° temos os nomes de todos os artistas que v√£o cantar na posse do Lula, mas n√£o temos os nomes dos ministros. 

Priorid‚Ä¶",0.31,0.19
"RT @traumann: Quem quiser entender o Haddad precisa entender isso: nas v√©speras de o Lula decidir seu minist√©rio, o Haddad deixa Bras√≠lia e‚Ä¶",0.31,0.19
"RT @FbioCarvalhoDo2: Lula de elegeu!

Zambelli fugiu.

Gabriel Monteiro foi preso.

Gui de P√°dua morreu.

Bolsonaro com infec√ß√£o.

Bolsonar‚Ä¶",0.31,0.19
"RT @saritacoelho: Sim, Lula mentiu sobre o tal ""sigilo de 100 anos"" de Bolsonaro. Agora, passadas as elei√ß√µes, vem jornalista confirmar aqu‚Ä¶",0.31,0.19
RT @alertatotal: #3em1 Grupo de transi√ß√£o de Lula sugere consulta p√∫blica sobre regula√ß√£o da internet. Pura mentira do PT. Establishment j√°‚Ä¶,0.31,0.19
"RT @renatajbarreto: J√° temos os nomes de todos os artistas que v√£o cantar na posse do Lula, mas n√£o temos os nomes dos ministros. 

Priorid‚Ä¶",0.31,0.19
"RT @ChucaElida: Divulguem ao m√°ximo. O mundo precisa saber .
E 2 perguntas que n√£o querem calar:
1) cad√™ os eleitores de Lula?????
2) Por q‚Ä¶",0.31,0.19
RT @lilianaf523: QATAR- DOHA.  La hinchada de Brasil canta ‚ÄúLULA LADR√ìN‚Äù en el Estadio Lusail. https://t.co/AZmBgP0IZe,0.31,0.19
"RT @majorgabdf: @ptbrasil J√° que voc√™ citou essa mentira, vamos falar sobre o Lula?
Segue: 2003 - ONG Rede 13 √© extinta ap√≥s receber R$ 7,5‚Ä¶",0.31,0.19
RT @danibacedo: enquanto a Equipe d Transi√ß√£o do Lula negocia uma PEC para garantir o Bolsa Fam√≠lia e a manuten√ß√£o da Sa√∫de e Educa√ß√£o.. a‚Ä¶,0.31,0.19
@camila_r_r_ conheci o lula no complex do alemao,0.31,0.19
"RT @BrasinhaNews: Dois fatos incontest√°veis.

1 - Lula ""falsifica n√∫meros.""
2 - ""Economia nacional em ordem."" https://t.co/hDtmzk0v8c",0.31,0.19
RT @toscano_rhea: @WillLisil @Madaveme1 ex-convict Lula isn‚Äôt on the ramp and the president of the electoral court will be arrested.  We Br‚Ä¶,0.31,0.19
"RT @GugaNoblat: Agora que Arthur Lira √© Lula, o governo Bolsonaro quer acabar com o or√ßamento secreto que dizia estar fora de seu controle.‚Ä¶",0.31,0.19
"@ananias_1979 Lula tem que escolher muito bem as batalhas nesse governo, que ser√° extremamente desafiador, no m√≠nimo. A 1 grande batalha j√° est√° as claras e √© a mais urgente, a luta contra a fome, que voltou com tudo. Infelizmente, n√£o d√° para resolver tudo ao mesmo tempo.",0.31,0.19
RT @KatieDaviscourt: The biggest question about the protests in Brazil is where are President-elect Lula‚Äôs supporters? Leftists are known f‚Ä¶,0.31,0.19
"RT @hilde_angel: https://t.co/8ATusDfHpX 
Chegou o momento de Lula subir do patamar de l√≠der para o de Her√≥i. https://t.co/epTB6aRH5A",0.31,0.19
"RT @joaodamoedo: Bolsonaro suspende os recursos do Or√ßamento Secreto ap√≥s Lula declarar apoio a Lira.  

Ele confirma o que j√° sab√≠amos: es‚Ä¶",0.31,0.19
